,order_date,product_name,quantity
0,01/02/2018,Bose QuietComfort 35 II Headphones,1
1,01/02/2018,Dell XPS 13 Laptop,4
2,01/03/2018,ASUS RT-AX86U Wi-Fi Router,3
3,01/03/2018,Bose QuietComfort 35 II Headphones,3
4,01/03/2018,Dell XPS 13 Laptop,1
5,01/03/2018,Logitech MX Master 3 Mouse,2
6,01/03/2018,Sony Alpha a7 III Camera,1
7,01/04/2018,ASUS RT-AX86U Wi-Fi Router,3
8,01/04/2018,Bose QuietComfort 35 II Headphones,4
9,01/04/2018,Dell XPS 13 Laptop,5
10,01/04/2018,Sony Alpha a7 III Camera,5
11,01/05/2018,ASUS RT-AX86U Wi-Fi Router,6
12,01/05/2018,Bose QuietComfort 35 II Headphones,3
13,01/05/2018,Logitech MX Master 3 Mouse,1
14,01/05/2018,Sony Alpha a7 III Camera,5
15,01/07/2018,Logitech MX Master 3 Mouse,1
16,01/08/2018,Dell XPS 13 Laptop,3
17,01/08/2018,Logitech MX Master 3 Mouse,1
18,01/09/2018,Dell XPS 13 Laptop,2
19,01/09/2018,Logitech MX Master 3 Mouse,1
20,01/10/2018,ASUS RT-AX86U Wi-Fi Router,3
21,01/10/2018,Bose QuietComfort 35 II Headphones,1
22,01/10/2018,Dell XPS 13 Laptop,1
23,01/11/2018,ASUS RT-AX86U Wi-Fi Router,1
24,01/11/2018,Bose QuietComfort 35 II Headphones,1
25,01/11/2018,Dell XPS 13 Laptop,12
26,01/11/2018,Logitech MX Master 3 Mouse,4
27,01/11/2018,Sony Alpha a7 III Camera,2
28,01/12/2018,Dell XPS 13 Laptop,24
29,01/12/2018,Logitech MX Master 3 Mouse,1
30,01/14/2018,Dell XPS 13 Laptop,1
31,01/15/2018,ASUS RT-AX86U Wi-Fi Router,1
32,01/15/2018,Dell XPS 13 Laptop,6
33,01/15/2018,Logitech MX Master 3 Mouse,2
34,01/16/2018,ASUS RT-AX86U Wi-Fi Router,1
35,01/16/2018,Dell XPS 13 Laptop,6
36,01/16/2018,Sony Alpha a7 III Camera,1
37,01/17/2018,ASUS RT-AX86U Wi-Fi Router,1
38,01/17/2018,Bose QuietComfort 35 II Headphones,1
39,01/17/2018,Dell XPS 13 Laptop,7
40,01/17/2018,Logitech MX Master 3 Mouse,1
41,01/18/2018,ASUS RT-AX86U Wi-Fi Router,8
42,01/18/2018,Bose QuietComfort 35 II Headphones,1
43,01/18/2018,Dell XPS 13 Laptop,4
44,01/18/2018,Logitech MX Master 3 Mouse,1
45,01/18/2018,Sony Alpha a7 III Camera,4
46,01/19/2018,ASUS RT-AX86U Wi-Fi Router,2
47,01/19/2018,Dell XPS 13 Laptop,16
48,01/21/2018,Dell XPS 13 Laptop,1
49,01/22/2018,ASUS RT-AX86U Wi-Fi Router,3
50,01/22/2018,Bose QuietComfort 35 II Headphones,2
51,01/22/2018,Dell XPS 13 Laptop,2
52,01/22/2018,Logitech MX Master 3 Mouse,1
53,01/22/2018,Sony Alpha a7 III Camera,4
54,01/23/2018,ASUS RT-AX86U Wi-Fi Router,1
55,01/23/2018,Dell XPS 13 Laptop,5
56,01/23/2018,Logitech MX Master 3 Mouse,1
57,01/24/2018,ASUS RT-AX86U Wi-Fi Router,2
58,01/24/2018,Dell XPS 13 Laptop,6
59,01/25/2018,Dell XPS 13 Laptop,7
60,01/25/2018,Sony Alpha a7 III Camera,4
61,01/26/2018,ASUS RT-AX86U Wi-Fi Router,3
62,01/26/2018,Bose QuietComfort 35 II Headphones,2
63,01/26/2018,Dell XPS 13 Laptop,4
64,01/26/2018,Sony Alpha a7 III Camera,2
65,01/29/2018,Bose QuietComfort 35 II Headphones,1
66,01/29/2018,Dell XPS 13 Laptop,9
67,01/29/2018,Sony Alpha a7 III Camera,3
68,01/30/2018,ASUS RT-AX86U Wi-Fi Router,1
69,01/30/2018,Bose QuietComfort 35 II Headphones,1
70,01/30/2018,Dell XPS 13 Laptop,4
71,01/30/2018,Sony Alpha a7 III Camera,5
72,01/31/2018,ASUS RT-AX86U Wi-Fi Router,1
73,01/31/2018,Dell XPS 13 Laptop,3
74,01/31/2018,Logitech MX Master 3 Mouse,1
75,01/31/2018,Sony Alpha a7 III Camera,1
76,02/01/2018,ASUS RT-AX86U Wi-Fi Router,3
77,02/01/2018,Bose QuietComfort 35 II Headphones,1
78,02/01/2018,Dell XPS 13 Laptop,1
79,02/01/2018,Sony Alpha a7 III Camera,1
80,02/02/2018,ASUS RT-AX86U Wi-Fi Router,2
81,02/02/2018,Dell XPS 13 Laptop,2
82,02/02/2018,Logitech MX Master 3 Mouse,1
83,02/02/2018,Sony Alpha a7 III Camera,1
84,02/05/2018,ASUS RT-AX86U Wi-Fi Router,5
85,02/05/2018,Bose QuietComfort 35 II Headphones,2
86,02/06/2018,Logitech MX Master 3 Mouse,1
87,02/06/2018,Sony Alpha a7 III Camera,1
88,02/07/2018,ASUS RT-AX86U Wi-Fi Router,4
89,02/07/2018,Logitech MX Master 3 Mouse,1
90,02/07/2018,Sony Alpha a7 III Camera,3
91,02/08/2018,ASUS RT-AX86U Wi-Fi Router,5
92,02/08/2018,Bose QuietComfort 35 II Headphones,2
93,02/08/2018,Logitech MX Master 3 Mouse,2
94,02/08/2018,Sony Alpha a7 III Camera,7
95,02/09/2018,Bose QuietComfort 35 II Headphones,1
96,02/09/2018,Logitech MX Master 3 Mouse,2
97,02/12/2018,ASUS RT-AX86U Wi-Fi Router,1
98,02/12/2018,Bose QuietComfort 35 II Headphones,4
99,02/12/2018,Logitech MX Master 3 Mouse,2
100,02/12/2018,Sony Alpha a7 III Camera,2
101,02/13/2018,Bose QuietComfort 35 II Headphones,4
102,02/13/2018,Logitech MX Master 3 Mouse,3
103,02/13/2018,Sony Alpha a7 III Camera,3
104,02/14/2018,ASUS RT-AX86U Wi-Fi Router,4
105,02/14/2018,Logitech MX Master 3 Mouse,1
106,02/14/2018,Sony Alpha a7 III Camera,2
107,02/15/2018,ASUS RT-AX86U Wi-Fi Router,12
108,02/15/2018,Bose QuietComfort 35 II Headphones,3
109,02/15/2018,Logitech MX Master 3 Mouse,3
110,02/15/2018,Sony Alpha a7 III Camera,1
111,02/16/2018,ASUS RT-AX86U Wi-Fi Router,1
112,02/16/2018,Bose QuietComfort 35 II Headphones,2
113,02/18/2018,ASUS RT-AX86U Wi-Fi Router,2
114,02/18/2018,Bose QuietComfort 35 II Headphones,1
115,02/18/2018,Sony Alpha a7 III Camera,1
116,02/19/2018,ASUS RT-AX86U Wi-Fi Router,5
117,02/19/2018,Bose QuietComfort 35 II Headphones,1
118,02/19/2018,Dell XPS 13 Laptop,1
119,02/19/2018,Sony Alpha a7 III Camera,3
120,02/20/2018,ASUS RT-AX86U Wi-Fi Router,2
121,02/20/2018,Bose QuietComfort 35 II Headphones,4
122,02/20/2018,Dell XPS 13 Laptop,1
123,02/20/2018,Logitech MX Master 3 Mouse,1
124,02/21/2018,ASUS RT-AX86U Wi-Fi Router,11
125,02/21/2018,Bose QuietComfort 35 II Headphones,5
126,02/21/2018,Dell XPS 13 Laptop,9
127,02/21/2018,Logitech MX Master 3 Mouse,2
128,02/21/2018,Sony Alpha a7 III Camera,3
129,02/22/2018,Bose QuietComfort 35 II Headphones,3
130,02/22/2018,Dell XPS 13 Laptop,1
131,02/22/2018,Logitech MX Master 3 Mouse,2
132,02/22/2018,Sony Alpha a7 III Camera,3
133,02/23/2018,Dell XPS 13 Laptop,3
134,02/26/2018,Dell XPS 13 Laptop,2
135,02/27/2018,Bose QuietComfort 35 II Headphones,3
136,02/27/2018,Dell XPS 13 Laptop,2
137,02/27/2018,Logitech MX Master 3 Mouse,1
138,02/28/2018,ASUS RT-AX86U Wi-Fi Router,1
139,02/28/2018,Dell XPS 13 Laptop,2
140,02/28/2018,Sony Alpha a7 III Camera,1
141,03/01/2018,Bose QuietComfort 35 II Headphones,2
142,03/01/2018,Logitech MX Master 3 Mouse,1
143,03/01/2018,Sony Alpha a7 III Camera,3
144,03/02/2018,Bose QuietComfort 35 II Headphones,1
145,03/02/2018,Dell XPS 13 Laptop,4
146,03/02/2018,Logitech MX Master 3 Mouse,2
147,03/02/2018,Sony Alpha a7 III Camera,1
148,03/04/2018,ASUS RT-AX86U Wi-Fi Router,1
149,03/05/2018,ASUS RT-AX86U Wi-Fi Router,1
150,03/05/2018,Bose QuietComfort 35 II Headphones,1
151,03/05/2018,Dell XPS 13 Laptop,1
152,03/05/2018,Sony Alpha a7 III Camera,2
153,03/06/2018,ASUS RT-AX86U Wi-Fi Router,1
154,03/06/2018,Bose QuietComfort 35 II Headphones,2
155,03/06/2018,Dell XPS 13 Laptop,7
156,03/06/2018,Logitech MX Master 3 Mouse,1
157,03/06/2018,Sony Alpha a7 III Camera,1
158,03/07/2017,Logitech MX Master 3 Mouse,2
159,03/07/2018,Bose QuietComfort 35 II Headphones,1
160,03/07/2018,Dell XPS 13 Laptop,7
161,03/07/2018,Sony Alpha a7 III Camera,2
162,03/08/2017,Logitech MX Master 3 Mouse,1
163,03/08/2018,ASUS RT-AX86U Wi-Fi Router,7
164,03/08/2018,Bose QuietComfort 35 II Headphones,3
165,03/08/2018,Dell XPS 13 Laptop,6
166,03/08/2018,Logitech MX Master 3 Mouse,1
167,03/08/2018,Sony Alpha a7 III Camera,6
168,03/09/2017,Logitech MX Master 3 Mouse,2
169,03/09/2018,ASUS RT-AX86U Wi-Fi Router,1
170,03/09/2018,Dell XPS 13 Laptop,5
171,03/09/2018,Logitech MX Master 3 Mouse,2
172,03/10/2017,Logitech MX Master 3 Mouse,2
173,03/11/2018,Dell XPS 13 Laptop,1
174,03/12/2018,ASUS RT-AX86U Wi-Fi Router,1
175,03/12/2018,Bose QuietComfort 35 II Headphones,1
176,03/12/2018,Dell XPS 13 Laptop,5
177,03/12/2018,Logitech MX Master 3 Mouse,1
178,03/12/2018,Sony Alpha a7 III Camera,1
179,03/13/2017,Logitech MX Master 3 Mouse,2
180,03/13/2018,ASUS RT-AX86U Wi-Fi Router,2
181,03/13/2018,Bose QuietComfort 35 II Headphones,1
182,03/13/2018,Dell XPS 13 Laptop,4
183,03/13/2018,Sony Alpha a7 III Camera,1
184,03/14/2018,ASUS RT-AX86U Wi-Fi Router,2
185,03/14/2018,Bose QuietComfort 35 II Headphones,3
186,03/14/2018,Dell XPS 13 Laptop,2
187,03/14/2018,Sony Alpha a7 III Camera,3
188,03/15/2018,Bose QuietComfort 35 II Headphones,1
189,03/15/2018,Dell XPS 13 Laptop,4
190,03/15/2018,Logitech MX Master 3 Mouse,4
191,03/15/2018,Sony Alpha a7 III Camera,5
192,03/16/2017,Logitech MX Master 3 Mouse,1
193,03/16/2018,ASUS RT-AX86U Wi-Fi Router,3
194,03/16/2018,Dell XPS 13 Laptop,6
195,03/17/2017,Logitech MX Master 3 Mouse,2
196,03/19/2018,ASUS RT-AX86U Wi-Fi Router,4
197,03/19/2018,Bose QuietComfort 35 II Headphones,1
198,03/19/2018,Dell XPS 13 Laptop,1
199,03/20/2017,Logitech MX Master 3 Mouse,2
200,03/20/2018,Dell XPS 13 Laptop,1
201,03/20/2018,Sony Alpha a7 III Camera,1
202,03/21/2018,ASUS RT-AX86U Wi-Fi Router,1
203,03/21/2018,Bose QuietComfort 35 II Headphones,1
204,03/22/2018,Bose QuietComfort 35 II Headphones,4
205,03/22/2018,Dell XPS 13 Laptop,3
206,03/22/2018,Logitech MX Master 3 Mouse,3
207,03/22/2018,Sony Alpha a7 III Camera,3
208,03/23/2017,Logitech MX Master 3 Mouse,2
209,03/23/2018,Dell XPS 13 Laptop,3
210,03/23/2018,Logitech MX Master 3 Mouse,1
211,03/23/2018,Sony Alpha a7 III Camera,2
212,03/25/2018,Bose QuietComfort 35 II Headphones,2
213,03/25/2018,Dell XPS 13 Laptop,1
214,03/26/2018,Dell XPS 13 Laptop,3
215,03/26/2018,Sony Alpha a7 III Camera,1
216,03/27/2017,Logitech MX Master 3 Mouse,2
217,03/27/2018,ASUS RT-AX86U Wi-Fi Router,1
218,03/27/2018,Bose QuietComfort 35 II Headphones,1
219,03/27/2018,Dell XPS 13 Laptop,2
220,03/27/2018,Logitech MX Master 3 Mouse,2
221,03/28/2018,ASUS RT-AX86U Wi-Fi Router,2
222,03/28/2018,Bose QuietComfort 35 II Headphones,2
223,03/28/2018,Dell XPS 13 Laptop,4
224,03/28/2018,Sony Alpha a7 III Camera,1
225,03/29/2018,Bose QuietComfort 35 II Headphones,2
226,03/29/2018,Dell XPS 13 Laptop,6
227,03/29/2018,Sony Alpha a7 III Camera,2
228,03/30/2018,Bose QuietComfort 35 II Headphones,2
229,03/30/2018,Dell XPS 13 Laptop,4
230,03/31/2017,Logitech MX Master 3 Mouse,2
231,04/01/2018,Dell XPS 13 Laptop,2
232,04/01/2018,Sony Alpha a7 III Camera,1
233,04/02/2018,Dell XPS 13 Laptop,2
234,04/02/2018,Logitech MX Master 3 Mouse,1
235,04/02/2018,Sony Alpha a7 III Camera,1
236,04/03/2017,Logitech MX Master 3 Mouse,2
237,04/03/2018,Bose QuietComfort 35 II Headphones,2
238,04/03/2018,Dell XPS 13 Laptop,1
239,04/03/2018,Logitech MX Master 3 Mouse,1
240,04/03/2018,Sony Alpha a7 III Camera,3
241,04/04/2018,ASUS RT-AX86U Wi-Fi Router,1
242,04/04/2018,Bose QuietComfort 35 II Headphones,4
243,04/04/2018,Sony Alpha a7 III Camera,2
244,04/05/2018,Dell XPS 13 Laptop,4
245,04/05/2018,Sony Alpha a7 III Camera,1
246,04/06/2017,Logitech MX Master 3 Mouse,1
247,04/06/2018,Dell XPS 13 Laptop,1
248,04/06/2018,Sony Alpha a7 III Camera,1
249,04/07/2017,Logitech MX Master 3 Mouse,1
250,04/08/2018,ASUS RT-AX86U Wi-Fi Router,2
251,04/08/2018,Dell XPS 13 Laptop,3
252,04/09/2018,ASUS RT-AX86U Wi-Fi Router,1
253,04/09/2018,Dell XPS 13 Laptop,5
254,04/09/2018,Logitech MX Master 3 Mouse,1
255,04/10/2017,Logitech MX Master 3 Mouse,1
256,04/10/2018,Bose QuietComfort 35 II Headphones,1
257,04/10/2018,Dell XPS 13 Laptop,2
258,04/11/2017,Logitech MX Master 3 Mouse,3
259,04/11/2018,ASUS RT-AX86U Wi-Fi Router,2
260,04/11/2018,Bose QuietComfort 35 II Headphones,2
261,04/11/2018,Dell XPS 13 Laptop,6
262,04/11/2018,Sony Alpha a7 III Camera,1
263,04/12/2017,Logitech MX Master 3 Mouse,1
264,04/12/2018,ASUS RT-AX86U Wi-Fi Router,1
265,04/12/2018,Dell XPS 13 Laptop,4
266,04/13/2017,Logitech MX Master 3 Mouse,3
267,04/13/2018,ASUS RT-AX86U Wi-Fi Router,1
268,04/13/2018,Bose QuietComfort 35 II Headphones,1
269,04/13/2018,Dell XPS 13 Laptop,1
270,04/14/2017,Logitech MX Master 3 Mouse,1
271,04/16/2018,ASUS RT-AX86U Wi-Fi Router,1
272,04/16/2018,Dell XPS 13 Laptop,5
273,04/17/2018,Bose QuietComfort 35 II Headphones,1
274,04/17/2018,Sony Alpha a7 III Camera,1
275,04/18/2017,Logitech MX Master 3 Mouse,1
276,04/18/2018,ASUS RT-AX86U Wi-Fi Router,2
277,04/18/2018,Bose QuietComfort 35 II Headphones,1
278,04/18/2018,Dell XPS 13 Laptop,1
279,04/19/2018,ASUS RT-AX86U Wi-Fi Router,2
280,04/19/2018,Bose QuietComfort 35 II Headphones,2
281,04/19/2018,Dell XPS 13 Laptop,3
282,04/19/2018,Logitech MX Master 3 Mouse,1
283,04/20/2017,Logitech MX Master 3 Mouse,1
284,04/22/2018,Bose QuietComfort 35 II Headphones,1
285,04/22/2018,Dell XPS 13 Laptop,2
286,04/23/2018,ASUS RT-AX86U Wi-Fi Router,8
287,04/23/2018,Bose QuietComfort 35 II Headphones,8
288,04/23/2018,Dell XPS 13 Laptop,11
289,04/23/2018,Logitech MX Master 3 Mouse,1
290,04/23/2018,Sony Alpha a7 III Camera,1
291,04/24/2017,Logitech MX Master 3 Mouse,2
292,04/24/2018,Dell XPS 13 Laptop,5
293,04/25/2017,Logitech MX Master 3 Mouse,1
294,04/25/2018,Bose QuietComfort 35 II Headphones,7
295,04/25/2018,Dell XPS 13 Laptop,3
296,04/25/2018,Logitech MX Master 3 Mouse,1
297,04/26/2017,Logitech MX Master 3 Mouse,2
298,04/26/2018,ASUS RT-AX86U Wi-Fi Router,2
299,04/26/2018,Bose QuietComfort 35 II Headphones,6
300,04/26/2018,Dell XPS 13 Laptop,8
301,04/26/2018,Sony Alpha a7 III Camera,2
302,04/27/2017,Logitech MX Master 3 Mouse,3
303,04/27/2018,Bose QuietComfort 35 II Headphones,1
304,04/27/2018,Dell XPS 13 Laptop,3
305,04/28/2017,Logitech MX Master 3 Mouse,6
306,04/29/2018,Dell XPS 13 Laptop,1
307,04/30/2018,Bose QuietComfort 35 II Headphones,1
308,04/30/2018,Dell XPS 13 Laptop,2
309,05/01/2018,Bose QuietComfort 35 II Headphones,1
310,05/01/2018,Dell XPS 13 Laptop,2
311,05/02/2017,Logitech MX Master 3 Mouse,1
312,05/02/2018,Bose QuietComfort 35 II Headphones,5
313,05/02/2018,Dell XPS 13 Laptop,2
314,05/03/2017,Logitech MX Master 3 Mouse,3
315,05/03/2018,ASUS RT-AX86U Wi-Fi Router,1
316,05/03/2018,Bose QuietComfort 35 II Headphones,1
317,05/03/2018,Dell XPS 13 Laptop,4
318,05/04/2017,Logitech MX Master 3 Mouse,1
319,05/04/2018,Bose QuietComfort 35 II Headphones,3
320,05/04/2018,Dell XPS 13 Laptop,6
321,05/04/2018,Logitech MX Master 3 Mouse,1
322,05/04/2018,Sony Alpha a7 III Camera,2
323,05/05/2017,Logitech MX Master 3 Mouse,1
324,05/06/2018,ASUS RT-AX86U Wi-Fi Router,1
325,05/07/2017,Logitech MX Master 3 Mouse,1
326,05/07/2018,ASUS RT-AX86U Wi-Fi Router,3
327,05/07/2018,Bose QuietComfort 35 II Headphones,6
328,05/07/2018,Dell XPS 13 Laptop,7
329,05/07/2018,Logitech MX Master 3 Mouse,2
330,05/07/2018,Sony Alpha a7 III Camera,5
331,05/08/2017,Logitech MX Master 3 Mouse,4
332,05/08/2018,ASUS RT-AX86U Wi-Fi Router,2
333,05/08/2018,Bose QuietComfort 35 II Headphones,2
334,05/08/2018,Logitech MX Master 3 Mouse,1
335,05/08/2018,Sony Alpha a7 III Camera,3
336,05/09/2017,Logitech MX Master 3 Mouse,1
337,05/09/2018,ASUS RT-AX86U Wi-Fi Router,4
338,05/09/2018,Bose QuietComfort 35 II Headphones,11
339,05/09/2018,Dell XPS 13 Laptop,4
340,05/09/2018,Logitech MX Master 3 Mouse,3
341,05/09/2018,Sony Alpha a7 III Camera,1
342,05/10/2017,Logitech MX Master 3 Mouse,3
343,05/10/2018,ASUS RT-AX86U Wi-Fi Router,7
344,05/10/2018,Bose QuietComfort 35 II Headphones,8
345,05/10/2018,Dell XPS 13 Laptop,15
346,05/10/2018,Logitech MX Master 3 Mouse,1
347,05/10/2018,Sony Alpha a7 III Camera,3
348,05/11/2017,Bose QuietComfort 35 II Headphones,1
349,05/11/2017,Logitech MX Master 3 Mouse,1
350,05/11/2017,Sony Alpha a7 III Camera,2
351,05/11/2018,Bose QuietComfort 35 II Headphones,2
352,05/11/2018,Dell XPS 13 Laptop,9
353,05/11/2018,Sony Alpha a7 III Camera,2
354,05/12/2017,Logitech MX Master 3 Mouse,2
355,05/14/2017,Logitech MX Master 3 Mouse,1
356,05/14/2018,Bose QuietComfort 35 II Headphones,2
357,05/14/2018,Dell XPS 13 Laptop,10
358,05/14/2018,Logitech MX Master 3 Mouse,1
359,05/14/2018,Sony Alpha a7 III Camera,2
360,05/15/2017,Logitech MX Master 3 Mouse,3
361,05/15/2018,Dell XPS 13 Laptop,5
362,05/15/2018,Logitech MX Master 3 Mouse,2
363,05/16/2017,Sony Alpha a7 III Camera,1
364,05/16/2018,ASUS RT-AX86U Wi-Fi Router,1
365,05/16/2018,Bose QuietComfort 35 II Headphones,2
366,05/16/2018,Logitech MX Master 3 Mouse,1
367,05/17/2017,Logitech MX Master 3 Mouse,2
368,05/17/2018,ASUS RT-AX86U Wi-Fi Router,2
369,05/17/2018,Bose QuietComfort 35 II Headphones,1
370,05/17/2018,Logitech MX Master 3 Mouse,2
371,05/17/2018,Sony Alpha a7 III Camera,3
372,05/18/2017,Bose QuietComfort 35 II Headphones,1
373,05/18/2017,Logitech MX Master 3 Mouse,2
374,05/18/2018,Dell XPS 13 Laptop,5
375,05/18/2018,Sony Alpha a7 III Camera,1
376,05/19/2017,Logitech MX Master 3 Mouse,8
377,05/20/2018,Sony Alpha a7 III Camera,1
378,05/21/2017,Logitech MX Master 3 Mouse,1
379,05/21/2018,Bose QuietComfort 35 II Headphones,1
380,05/21/2018,Dell XPS 13 Laptop,5
381,05/21/2018,Logitech MX Master 3 Mouse,2
382,05/22/2017,Bose QuietComfort 35 II Headphones,1
383,05/22/2017,Logitech MX Master 3 Mouse,2
384,05/22/2018,Bose QuietComfort 35 II Headphones,1
385,05/22/2018,Dell XPS 13 Laptop,7
386,05/22/2018,Logitech MX Master 3 Mouse,2
387,05/23/2017,Logitech MX Master 3 Mouse,3
388,05/23/2018,Bose QuietComfort 35 II Headphones,3
389,05/23/2018,Dell XPS 13 Laptop,4
390,05/23/2018,Sony Alpha a7 III Camera,1
391,05/24/2017,Logitech MX Master 3 Mouse,2
392,05/24/2018,ASUS RT-AX86U Wi-Fi Router,3
393,05/24/2018,Bose QuietComfort 35 II Headphones,2
394,05/24/2018,Dell XPS 13 Laptop,3
395,05/24/2018,Logitech MX Master 3 Mouse,2
396,05/24/2018,Sony Alpha a7 III Camera,7
397,05/25/2017,Logitech MX Master 3 Mouse,1
398,05/25/2018,ASUS RT-AX86U Wi-Fi Router,1
399,05/25/2018,Dell XPS 13 Laptop,9
400,05/25/2018,Sony Alpha a7 III Camera,2
401,05/26/2017,Logitech MX Master 3 Mouse,5
402,05/28/2018,Bose QuietComfort 35 II Headphones,10
403,05/28/2018,Dell XPS 13 Laptop,2
404,05/28/2018,Logitech MX Master 3 Mouse,1
405,05/28/2018,Sony Alpha a7 III Camera,2
406,05/29/2017,Logitech MX Master 3 Mouse,1
407,05/29/2018,ASUS RT-AX86U Wi-Fi Router,2
408,05/29/2018,Bose QuietComfort 35 II Headphones,1
409,05/29/2018,Dell XPS 13 Laptop,3
410,05/29/2018,Logitech MX Master 3 Mouse,2
411,05/30/2017,Logitech MX Master 3 Mouse,3
412,05/30/2018,ASUS RT-AX86U Wi-Fi Router,1
413,05/30/2018,Bose QuietComfort 35 II Headphones,7
414,05/31/2018,Dell XPS 13 Laptop,2
415,06/01/2017,Logitech MX Master 3 Mouse,1
416,06/01/2018,Logitech MX Master 3 Mouse,1
417,06/02/2017,Logitech MX Master 3 Mouse,6
418,06/04/2018,ASUS RT-AX86U Wi-Fi Router,4
419,06/04/2018,Dell XPS 13 Laptop,3
420,06/04/2018,Logitech MX Master 3 Mouse,3
421,06/04/2018,Sony Alpha a7 III Camera,1
422,06/05/2017,Logitech MX Master 3 Mouse,2
423,06/06/2017,Bose QuietComfort 35 II Headphones,1
424,06/06/2017,Logitech MX Master 3 Mouse,2
425,06/06/2018,Bose QuietComfort 35 II Headphones,1
426,06/06/2018,Dell XPS 13 Laptop,1
427,06/07/2017,Logitech MX Master 3 Mouse,4
428,06/08/2017,Logitech MX Master 3 Mouse,1
429,06/08/2018,Logitech MX Master 3 Mouse,1
430,06/09/2017,Logitech MX Master 3 Mouse,1
431,06/11/2018,ASUS RT-AX86U Wi-Fi Router,1
432,06/11/2018,Bose QuietComfort 35 II Headphones,1
433,06/11/2018,Logitech MX Master 3 Mouse,1
434,06/12/2017,Logitech MX Master 3 Mouse,8
435,06/12/2018,ASUS RT-AX86U Wi-Fi Router,1
436,06/12/2018,Logitech MX Master 3 Mouse,5
437,06/12/2018,Sony Alpha a7 III Camera,1
438,06/13/2017,Logitech MX Master 3 Mouse,2
439,06/13/2018,ASUS RT-AX86U Wi-Fi Router,3
440,06/13/2018,Bose QuietComfort 35 II Headphones,2
441,06/13/2018,Logitech MX Master 3 Mouse,4
442,06/13/2018,Sony Alpha a7 III Camera,2
443,06/14/2017,Logitech MX Master 3 Mouse,3
444,06/14/2017,Sony Alpha a7 III Camera,1
445,06/14/2018,ASUS RT-AX86U Wi-Fi Router,1
446,06/15/2017,Logitech MX Master 3 Mouse,3
447,06/15/2018,ASUS RT-AX86U Wi-Fi Router,1
448,06/15/2018,Logitech MX Master 3 Mouse,1
449,06/16/2017,Logitech MX Master 3 Mouse,1
450,06/18/2018,Logitech MX Master 3 Mouse,3
451,06/18/2018,Sony Alpha a7 III Camera,1
452,06/19/2017,Sony Alpha a7 III Camera,1
453,06/19/2018,ASUS RT-AX86U Wi-Fi Router,1
454,06/19/2018,Bose QuietComfort 35 II Headphones,1
455,06/19/2018,Logitech MX Master 3 Mouse,1
456,06/20/2017,Logitech MX Master 3 Mouse,3
457,06/20/2018,Logitech MX Master 3 Mouse,1
458,06/21/2017,Logitech MX Master 3 Mouse,3
459,06/21/2018,Dell XPS 13 Laptop,2
460,06/21/2018,Logitech MX Master 3 Mouse,1
461,06/22/2017,Bose QuietComfort 35 II Headphones,1
462,06/22/2017,Logitech MX Master 3 Mouse,2
463,06/22/2018,ASUS RT-AX86U Wi-Fi Router,4
464,06/23/2017,Logitech MX Master 3 Mouse,3
465,06/25/2018,Logitech MX Master 3 Mouse,1
466,06/26/2017,Logitech MX Master 3 Mouse,2
467,06/26/2018,Logitech MX Master 3 Mouse,3
468,06/28/2017,Logitech MX Master 3 Mouse,3
469,06/28/2018,ASUS RT-AX86U Wi-Fi Router,2
470,06/29/2017,Logitech MX Master 3 Mouse,5
471,06/29/2018,Logitech MX Master 3 Mouse,3
472,06/29/2018,Sony Alpha a7 III Camera,2
473,06/30/2017,Logitech MX Master 3 Mouse,1
474,06/30/2017,Sony Alpha a7 III Camera,1
475,07/02/2018,Bose QuietComfort 35 II Headphones,2
476,07/03/2017,Logitech MX Master 3 Mouse,2
477,07/03/2018,ASUS RT-AX86U Wi-Fi Router,1
478,07/03/2018,Bose QuietComfort 35 II Headphones,6
479,07/03/2018,Sony Alpha a7 III Camera,1
480,07/04/2017,Logitech MX Master 3 Mouse,1
481,07/04/2018,Logitech MX Master 3 Mouse,2
482,07/04/2018,Sony Alpha a7 III Camera,1
483,07/05/2017,Logitech MX Master 3 Mouse,5
484,07/05/2018,Logitech MX Master 3 Mouse,1
485,07/06/2017,Logitech MX Master 3 Mouse,4
486,07/06/2018,Logitech MX Master 3 Mouse,3
487,07/06/2018,Sony Alpha a7 III Camera,1
488,07/07/2017,Logitech MX Master 3 Mouse,1
489,07/09/2018,Logitech MX Master 3 Mouse,1
490,07/09/2018,Sony Alpha a7 III Camera,2
491,07/10/2017,Logitech MX Master 3 Mouse,3
492,07/10/2018,Sony Alpha a7 III Camera,1
493,07/11/2017,Logitech MX Master 3 Mouse,1
494,07/11/2018,ASUS RT-AX86U Wi-Fi Router,1
495,07/12/2017,Logitech MX Master 3 Mouse,4
496,07/12/2018,Sony Alpha a7 III Camera,1
497,07/13/2017,Logitech MX Master 3 Mouse,7
498,07/14/2017,Logitech MX Master 3 Mouse,3
499,07/17/2017,Logitech MX Master 3 Mouse,2
500,07/17/2018,Dell XPS 13 Laptop,1
501,07/18/2017,Logitech MX Master 3 Mouse,2
502,07/18/2018,Sony Alpha a7 III Camera,1
503,07/19/2017,Logitech MX Master 3 Mouse,3
504,07/19/2018,Bose QuietComfort 35 II Headphones,2
505,07/19/2018,Sony Alpha a7 III Camera,1
506,07/20/2017,Logitech MX Master 3 Mouse,11
507,07/20/2018,Bose QuietComfort 35 II Headphones,1
508,07/21/2017,Logitech MX Master 3 Mouse,2
509,07/24/2017,ASUS RT-AX86U Wi-Fi Router,3
510,07/24/2017,Bose QuietComfort 35 II Headphones,2
511,07/24/2017,Logitech MX Master 3 Mouse,1
512,07/24/2017,Sony Alpha a7 III Camera,4
513,07/24/2018,ASUS RT-AX86U Wi-Fi Router,1
514,07/25/2017,ASUS RT-AX86U Wi-Fi Router,4
515,07/25/2017,Bose QuietComfort 35 II Headphones,3
516,07/25/2017,Logitech MX Master 3 Mouse,1
517,07/25/2017,Sony Alpha a7 III Camera,4
518,07/25/2018,Dell XPS 13 Laptop,1
519,07/26/2017,ASUS RT-AX86U Wi-Fi Router,4
520,07/26/2017,Bose QuietComfort 35 II Headphones,1
521,07/26/2017,Logitech MX Master 3 Mouse,3
522,07/26/2017,Sony Alpha a7 III Camera,3
523,07/26/2018,Bose QuietComfort 35 II Headphones,1
524,07/26/2018,Logitech MX Master 3 Mouse,1
525,07/26/2018,Sony Alpha a7 III Camera,1
526,07/27/2017,Bose QuietComfort 35 II Headphones,7
527,07/27/2017,Logitech MX Master 3 Mouse,4
528,07/27/2017,Sony Alpha a7 III Camera,1
529,07/30/2018,ASUS RT-AX86U Wi-Fi Router,1
530,07/30/2018,Sony Alpha a7 III Camera,1
531,07/31/2017,Logitech MX Master 3 Mouse,1
532,07/31/2017,Sony Alpha a7 III Camera,1
533,07/31/2018,Logitech MX Master 3 Mouse,1
534,08/01/2017,ASUS RT-AX86U Wi-Fi Router,2
535,08/01/2017,Logitech MX Master 3 Mouse,1
536,08/01/2017,Sony Alpha a7 III Camera,1
537,08/02/2017,Logitech MX Master 3 Mouse,3
538,08/02/2018,Bose QuietComfort 35 II Headphones,2
539,08/02/2018,Logitech MX Master 3 Mouse,1
540,08/02/2018,Sony Alpha a7 III Camera,3
541,08/03/2017,Bose QuietComfort 35 II Headphones,1
542,08/03/2017,Dell XPS 13 Laptop,1
543,08/03/2017,Logitech MX Master 3 Mouse,4
544,08/03/2017,Sony Alpha a7 III Camera,1
545,08/04/2017,Dell XPS 13 Laptop,2
546,08/04/2017,Logitech MX Master 3 Mouse,1
547,08/04/2017,Sony Alpha a7 III Camera,1
548,08/06/2017,Sony Alpha a7 III Camera,3
549,08/06/2018,Sony Alpha a7 III Camera,2
550,08/07/2017,Bose QuietComfort 35 II Headphones,1
551,08/07/2017,Logitech MX Master 3 Mouse,1
552,08/07/2018,ASUS RT-AX86U Wi-Fi Router,1
553,08/07/2018,Bose QuietComfort 35 II Headphones,1
554,08/07/2018,Logitech MX Master 3 Mouse,1
555,08/08/2017,Dell XPS 13 Laptop,5
556,08/08/2017,Logitech MX Master 3 Mouse,1
557,08/08/2018,Bose QuietComfort 35 II Headphones,2
558,08/08/2018,Dell XPS 13 Laptop,1
559,08/08/2018,Logitech MX Master 3 Mouse,1
560,08/08/2018,Sony Alpha a7 III Camera,1
561,08/09/2017,ASUS RT-AX86U Wi-Fi Router,2
562,08/09/2017,Bose QuietComfort 35 II Headphones,1
563,08/09/2017,Dell XPS 13 Laptop,1
564,08/09/2017,Logitech MX Master 3 Mouse,1
565,08/09/2017,Sony Alpha a7 III Camera,1
566,08/09/2018,ASUS RT-AX86U Wi-Fi Router,1
567,08/09/2018,Bose QuietComfort 35 II Headphones,1
568,08/09/2018,Sony Alpha a7 III Camera,1
569,08/10/2017,ASUS RT-AX86U Wi-Fi Router,4
570,08/10/2017,Bose QuietComfort 35 II Headphones,4
571,08/10/2017,Logitech MX Master 3 Mouse,3
572,08/11/2017,ASUS RT-AX86U Wi-Fi Router,1
573,08/11/2017,Bose QuietComfort 35 II Headphones,1
574,08/11/2017,Dell XPS 13 Laptop,8
575,08/13/2017,Dell XPS 13 Laptop,1
576,08/13/2018,Dell XPS 13 Laptop,1
577,08/13/2018,Sony Alpha a7 III Camera,2
578,08/14/2017,ASUS RT-AX86U Wi-Fi Router,2
579,08/14/2017,Logitech MX Master 3 Mouse,4
580,08/14/2018,ASUS RT-AX86U Wi-Fi Router,2
581,08/15/2017,Logitech MX Master 3 Mouse,1
582,08/15/2017,Sony Alpha a7 III Camera,4
583,08/15/2018,Logitech MX Master 3 Mouse,2
584,08/15/2018,Sony Alpha a7 III Camera,1
585,08/16/2017,Logitech MX Master 3 Mouse,3
586,08/16/2018,Bose QuietComfort 35 II Headphones,1
587,08/16/2018,Logitech MX Master 3 Mouse,2
588,08/17/2017,Bose QuietComfort 35 II Headphones,8
589,08/17/2017,Logitech MX Master 3 Mouse,5
590,08/17/2018,Bose QuietComfort 35 II Headphones,1
591,08/17/2018,Sony Alpha a7 III Camera,1
592,08/18/2017,Logitech MX Master 3 Mouse,1
593,08/20/2018,ASUS RT-AX86U Wi-Fi Router,1
594,08/21/2017,ASUS RT-AX86U Wi-Fi Router,2
595,08/21/2017,Bose QuietComfort 35 II Headphones,3
596,08/21/2018,Sony Alpha a7 III Camera,2
597,08/22/2017,ASUS RT-AX86U Wi-Fi Router,1
598,08/22/2017,Bose QuietComfort 35 II Headphones,6
599,08/22/2017,Logitech MX Master 3 Mouse,2
600,08/22/2017,Sony Alpha a7 III Camera,5
601,08/22/2018,Logitech MX Master 3 Mouse,1
602,08/23/2017,Bose QuietComfort 35 II Headphones,2
603,08/23/2017,Logitech MX Master 3 Mouse,2
604,08/23/2018,Dell XPS 13 Laptop,1
605,08/24/2017,ASUS RT-AX86U Wi-Fi Router,2
606,08/24/2017,Bose QuietComfort 35 II Headphones,3
607,08/24/2017,Logitech MX Master 3 Mouse,6
608,08/24/2017,Sony Alpha a7 III Camera,6
609,08/25/2017,Sony Alpha a7 III Camera,1
610,08/28/2017,Logitech MX Master 3 Mouse,1
611,08/29/2017,Logitech MX Master 3 Mouse,2
612,08/29/2017,Sony Alpha a7 III Camera,1
613,08/30/2017,Sony Alpha a7 III Camera,1
614,08/30/2018,ASUS RT-AX86U Wi-Fi Router,1
615,08/31/2017,ASUS RT-AX86U Wi-Fi Router,1
616,08/31/2017,Logitech MX Master 3 Mouse,2
617,08/31/2017,Sony Alpha a7 III Camera,1
618,09/01/2017,ASUS RT-AX86U Wi-Fi Router,4
619,09/01/2017,Bose QuietComfort 35 II Headphones,5
620,09/03/2017,Logitech MX Master 3 Mouse,1
621,09/04/2017,ASUS RT-AX86U Wi-Fi Router,1
622,09/04/2017,Bose QuietComfort 35 II Headphones,2
623,09/04/2017,Logitech MX Master 3 Mouse,1
624,09/04/2017,Sony Alpha a7 III Camera,1
625,09/05/2017,ASUS RT-AX86U Wi-Fi Router,2
626,09/05/2017,Bose QuietComfort 35 II Headphones,3
627,09/05/2017,Sony Alpha a7 III Camera,2
628,09/06/2017,Sony Alpha a7 III Camera,2
629,09/07/2017,ASUS RT-AX86U Wi-Fi Router,1
630,09/07/2017,Logitech MX Master 3 Mouse,1
631,09/07/2017,Sony Alpha a7 III Camera,1
632,09/08/2017,Bose QuietComfort 35 II Headphones,4
633,09/08/2017,Logitech MX Master 3 Mouse,1
634,09/08/2017,Sony Alpha a7 III Camera,2
635,09/10/2017,ASUS RT-AX86U Wi-Fi Router,1
636,09/11/2017,ASUS RT-AX86U Wi-Fi Router,1
637,09/11/2017,Bose QuietComfort 35 II Headphones,1
638,09/12/2017,Bose QuietComfort 35 II Headphones,2
639,09/12/2017,Logitech MX Master 3 Mouse,2
640,09/12/2017,Sony Alpha a7 III Camera,4
641,09/13/2017,ASUS RT-AX86U Wi-Fi Router,1
642,09/13/2017,Bose QuietComfort 35 II Headphones,2
643,09/13/2017,Sony Alpha a7 III Camera,2
644,09/14/2017,ASUS RT-AX86U Wi-Fi Router,1
645,09/14/2017,Bose QuietComfort 35 II Headphones,2
646,09/14/2017,Sony Alpha a7 III Camera,1
647,09/15/2017,ASUS RT-AX86U Wi-Fi Router,1
648,09/15/2017,Sony Alpha a7 III Camera,1
649,09/18/2017,Bose QuietComfort 35 II Headphones,5
650,09/18/2017,Logitech MX Master 3 Mouse,2
651,09/19/2017,ASUS RT-AX86U Wi-Fi Router,1
652,09/19/2017,Bose QuietComfort 35 II Headphones,3
653,09/19/2017,Logitech MX Master 3 Mouse,1
654,09/20/2017,ASUS RT-AX86U Wi-Fi Router,1
655,09/20/2017,Bose QuietComfort 35 II Headphones,5
656,09/21/2017,Bose QuietComfort 35 II Headphones,4
657,09/21/2017,Logitech MX Master 3 Mouse,3
658,09/21/2017,Sony Alpha a7 III Camera,1
659,09/22/2017,Logitech MX Master 3 Mouse,1
660,09/25/2017,ASUS RT-AX86U Wi-Fi Router,2
661,09/25/2017,Bose QuietComfort 35 II Headphones,1
662,09/25/2017,Logitech MX Master 3 Mouse,4
663,09/26/2017,Logitech MX Master 3 Mouse,3
664,09/27/2017,Bose QuietComfort 35 II Headphones,2
665,09/27/2017,Sony Alpha a7 III Camera,1
666,09/28/2017,Bose QuietComfort 35 II Headphones,1
667,09/28/2017,Logitech MX Master 3 Mouse,3
668,09/28/2017,Sony Alpha a7 III Camera,2
669,09/29/2017,ASUS RT-AX86U Wi-Fi Router,1
670,09/29/2017,Sony Alpha a7 III Camera,1
671,10/02/2017,Bose QuietComfort 35 II Headphones,1
672,10/02/2017,Logitech MX Master 3 Mouse,2
673,10/02/2017,Sony Alpha a7 III Camera,2
674,10/03/2017,ASUS RT-AX86U Wi-Fi Router,1
675,10/03/2017,Bose QuietComfort 35 II Headphones,1
676,10/05/2017,ASUS RT-AX86U Wi-Fi Router,5
677,10/05/2017,Bose QuietComfort 35 II Headphones,3
678,10/05/2017,Logitech MX Master 3 Mouse,1
679,10/05/2017,Sony Alpha a7 III Camera,1
680,10/06/2017,Bose QuietComfort 35 II Headphones,1
681,10/09/2017,Logitech MX Master 3 Mouse,1
682,10/09/2017,Sony Alpha a7 III Camera,6
683,10/10/2017,ASUS RT-AX86U Wi-Fi Router,2
684,10/11/2017,ASUS RT-AX86U Wi-Fi Router,4
685,10/11/2017,Bose QuietComfort 35 II Headphones,8
686,10/11/2017,Sony Alpha a7 III Camera,1
687,10/12/2017,Sony Alpha a7 III Camera,1
688,10/13/2017,Bose QuietComfort 35 II Headphones,9
689,10/13/2017,Sony Alpha a7 III Camera,3
690,10/16/2017,ASUS RT-AX86U Wi-Fi Router,1
691,10/16/2017,Dell XPS 13 Laptop,1
692,10/16/2017,Sony Alpha a7 III Camera,3
693,10/17/2017,Bose QuietComfort 35 II Headphones,1
694,10/18/2017,ASUS RT-AX86U Wi-Fi Router,2
695,10/18/2017,Bose QuietComfort 35 II Headphones,3
696,10/18/2017,Logitech MX Master 3 Mouse,1
697,10/18/2017,Sony Alpha a7 III Camera,2
698,10/19/2017,ASUS RT-AX86U Wi-Fi Router,3
699,10/19/2017,Logitech MX Master 3 Mouse,1
700,10/19/2017,Sony Alpha a7 III Camera,2
701,10/20/2017,Bose QuietComfort 35 II Headphones,4
702,10/20/2017,Dell XPS 13 Laptop,1
703,10/20/2017,Logitech MX Master 3 Mouse,2
704,10/22/2017,Bose QuietComfort 35 II Headphones,2
705,10/23/2017,Sony Alpha a7 III Camera,2
706,10/24/2017,ASUS RT-AX86U Wi-Fi Router,1
707,10/24/2017,Bose QuietComfort 35 II Headphones,3
708,10/25/2017,ASUS RT-AX86U Wi-Fi Router,1
709,10/25/2017,Logitech MX Master 3 Mouse,2
710,10/26/2017,ASUS RT-AX86U Wi-Fi Router,8
711,10/26/2017,Bose QuietComfort 35 II Headphones,1
712,10/26/2017,Logitech MX Master 3 Mouse,1
713,10/26/2017,Sony Alpha a7 III Camera,1
714,10/27/2017,Logitech MX Master 3 Mouse,1
715,10/27/2017,Sony Alpha a7 III Camera,1
716,10/30/2017,Bose QuietComfort 35 II Headphones,2
717,10/30/2017,Logitech MX Master 3 Mouse,1
718,10/31/2017,ASUS RT-AX86U Wi-Fi Router,1
719,11/01/2017,Sony Alpha a7 III Camera,4
720,11/02/2017,ASUS RT-AX86U Wi-Fi Router,1
721,11/03/2017,ASUS RT-AX86U Wi-Fi Router,1
722,11/03/2017,Bose QuietComfort 35 II Headphones,3
723,11/03/2017,Logitech MX Master 3 Mouse,1
724,11/03/2017,Sony Alpha a7 III Camera,2
725,11/05/2017,ASUS RT-AX86U Wi-Fi Router,3
726,11/06/2017,Bose QuietComfort 35 II Headphones,1
727,11/06/2017,Logitech MX Master 3 Mouse,1
728,11/06/2017,Sony Alpha a7 III Camera,2
729,11/07/2017,ASUS RT-AX86U Wi-Fi Router,5
730,11/07/2017,Bose QuietComfort 35 II Headphones,1
731,11/07/2017,Logitech MX Master 3 Mouse,1
732,11/07/2017,Sony Alpha a7 III Camera,1
733,11/08/2017,ASUS RT-AX86U Wi-Fi Router,4
734,11/08/2017,Bose QuietComfort 35 II Headphones,2
735,11/08/2017,Dell XPS 13 Laptop,1
736,11/08/2017,Logitech MX Master 3 Mouse,7
737,11/08/2017,Sony Alpha a7 III Camera,1
738,11/09/2017,ASUS RT-AX86U Wi-Fi Router,3
739,11/09/2017,Bose QuietComfort 35 II Headphones,5
740,11/09/2017,Dell XPS 13 Laptop,2
741,11/09/2017,Logitech MX Master 3 Mouse,1
742,11/09/2017,Sony Alpha a7 III Camera,4
743,11/10/2017,ASUS RT-AX86U Wi-Fi Router,1
744,11/13/2017,ASUS RT-AX86U Wi-Fi Router,1
745,11/13/2017,Logitech MX Master 3 Mouse,3
746,11/13/2017,Sony Alpha a7 III Camera,3
747,11/14/2017,ASUS RT-AX86U Wi-Fi Router,3
748,11/14/2017,Bose QuietComfort 35 II Headphones,3
749,11/16/2017,ASUS RT-AX86U Wi-Fi Router,3
750,11/16/2017,Bose QuietComfort 35 II Headphones,1
751,11/16/2017,Sony Alpha a7 III Camera,7
752,11/17/2017,ASUS RT-AX86U Wi-Fi Router,1
753,11/17/2017,Bose QuietComfort 35 II Headphones,1
754,11/17/2017,Logitech MX Master 3 Mouse,2
755,11/17/2017,Sony Alpha a7 III Camera,3
756,11/20/2017,Bose QuietComfort 35 II Headphones,2
757,11/20/2017,Dell XPS 13 Laptop,6
758,11/21/2017,Bose QuietComfort 35 II Headphones,4
759,11/21/2017,Dell XPS 13 Laptop,1
760,11/21/2017,Sony Alpha a7 III Camera,5
761,11/22/2017,ASUS RT-AX86U Wi-Fi Router,1
762,11/22/2017,Dell XPS 13 Laptop,2
763,11/23/2017,ASUS RT-AX86U Wi-Fi Router,3
764,11/23/2017,Bose QuietComfort 35 II Headphones,3
765,11/23/2017,Dell XPS 13 Laptop,3
766,11/23/2017,Logitech MX Master 3 Mouse,1
767,11/23/2017,Sony Alpha a7 III Camera,9
768,11/24/2017,Dell XPS 13 Laptop,15
769,11/24/2017,Logitech MX Master 3 Mouse,1
770,11/26/2017,Bose QuietComfort 35 II Headphones,1
771,11/27/2017,Dell XPS 13 Laptop,1
772,11/27/2017,Sony Alpha a7 III Camera,3
773,11/28/2017,ASUS RT-AX86U Wi-Fi Router,3
774,11/28/2017,Bose QuietComfort 35 II Headphones,1
775,11/28/2017,Dell XPS 13 Laptop,2
776,11/28/2017,Logitech MX Master 3 Mouse,1
777,11/28/2017,Sony Alpha a7 III Camera,2
778,11/29/2017,ASUS RT-AX86U Wi-Fi Router,2
779,11/29/2017,Bose QuietComfort 35 II Headphones,12
780,11/29/2017,Dell XPS 13 Laptop,2
781,11/29/2017,Logitech MX Master 3 Mouse,2
782,11/29/2017,Sony Alpha a7 III Camera,6
783,11/30/2017,ASUS RT-AX86U Wi-Fi Router,25
784,11/30/2017,Bose QuietComfort 35 II Headphones,35
785,11/30/2017,Dell XPS 13 Laptop,1
786,11/30/2017,Logitech MX Master 3 Mouse,14
787,11/30/2017,Sony Alpha a7 III Camera,27
788,12/01/2017,ASUS RT-AX86U Wi-Fi Router,2
789,12/01/2017,Bose QuietComfort 35 II Headphones,5
790,12/01/2017,Logitech MX Master 3 Mouse,2
791,12/01/2017,Sony Alpha a7 III Camera,4
792,12/03/2017,Sony Alpha a7 III Camera,1
793,12/04/2017,ASUS RT-AX86U Wi-Fi Router,9
794,12/04/2017,Bose QuietComfort 35 II Headphones,9
795,12/04/2017,Logitech MX Master 3 Mouse,3
796,12/04/2017,Sony Alpha a7 III Camera,7
797,12/05/2017,ASUS RT-AX86U Wi-Fi Router,5
798,12/05/2017,Bose QuietComfort 35 II Headphones,3
799,12/05/2017,Dell XPS 13 Laptop,4
800,12/05/2017,Logitech MX Master 3 Mouse,2
801,12/05/2017,Sony Alpha a7 III Camera,3
802,12/06/2017,ASUS RT-AX86U Wi-Fi Router,3
803,12/06/2017,Bose QuietComfort 35 II Headphones,1
804,12/06/2017,Dell XPS 13 Laptop,3
805,12/06/2017,Logitech MX Master 3 Mouse,1
806,12/06/2017,Sony Alpha a7 III Camera,2
807,12/07/2017,ASUS RT-AX86U Wi-Fi Router,2
808,12/07/2017,Bose QuietComfort 35 II Headphones,4
809,12/07/2017,Dell XPS 13 Laptop,3
810,12/07/2017,Logitech MX Master 3 Mouse,4
811,12/07/2017,Sony Alpha a7 III Camera,3
812,12/08/2017,Bose QuietComfort 35 II Headphones,3
813,12/08/2017,Dell XPS 13 Laptop,7
814,12/08/2017,Logitech MX Master 3 Mouse,2
815,12/08/2017,Sony Alpha a7 III Camera,2
816,12/11/2017,ASUS RT-AX86U Wi-Fi Router,2
817,12/11/2017,Bose QuietComfort 35 II Headphones,1
818,12/11/2017,Dell XPS 13 Laptop,1
819,12/11/2017,Sony Alpha a7 III Camera,2
820,12/12/2017,ASUS RT-AX86U Wi-Fi Router,1
821,12/12/2017,Bose QuietComfort 35 II Headphones,2
822,12/12/2017,Dell XPS 13 Laptop,3
823,12/12/2017,Logitech MX Master 3 Mouse,2
824,12/12/2017,Sony Alpha a7 III Camera,1
825,12/13/2017,ASUS RT-AX86U Wi-Fi Router,4
826,12/13/2017,Dell XPS 13 Laptop,2
827,12/13/2017,Sony Alpha a7 III Camera,2
828,12/14/2017,Bose QuietComfort 35 II Headphones,5
829,12/14/2017,Logitech MX Master 3 Mouse,2
830,12/14/2017,Sony Alpha a7 III Camera,2
831,12/15/2017,Bose QuietComfort 35 II Headphones,2
832,12/15/2017,Dell XPS 13 Laptop,6
833,12/18/2017,ASUS RT-AX86U Wi-Fi Router,3
834,12/18/2017,Bose QuietComfort 35 II Headphones,1
835,12/18/2017,Logitech MX Master 3 Mouse,1
836,12/18/2017,Sony Alpha a7 III Camera,1
837,12/19/2017,Bose QuietComfort 35 II Headphones,2
838,12/19/2017,Dell XPS 13 Laptop,6
839,12/20/2017,ASUS RT-AX86U Wi-Fi Router,3
840,12/20/2017,Dell XPS 13 Laptop,2
841,12/20/2017,Sony Alpha a7 III Camera,2
842,12/21/2017,ASUS RT-AX86U Wi-Fi Router,4
843,12/21/2017,Bose QuietComfort 35 II Headphones,14
844,12/21/2017,Dell XPS 13 Laptop,2
845,12/21/2017,Sony Alpha a7 III Camera,3
846,12/22/2017,Bose QuietComfort 35 II Headphones,1
847,12/22/2017,Dell XPS 13 Laptop,5
848,12/22/2017,Logitech MX Master 3 Mouse,1
849,12/26/2017,ASUS RT-AX86U Wi-Fi Router,1
850,12/26/2017,Logitech MX Master 3 Mouse,1
851,12/27/2017,ASUS RT-AX86U Wi-Fi Router,2
852,12/27/2017,Bose QuietComfort 35 II Headphones,5
853,12/27/2017,Logitech MX Master 3 Mouse,1
854,12/28/2017,ASUS RT-AX86U Wi-Fi Router,3
855,12/28/2017,Bose QuietComfort 35 II Headphones,1
856,12/29/2017,ASUS RT-AX86U Wi-Fi Router,5
857,12/29/2017,Bose QuietComfort 35 II Headphones,1
858,12/29/2017,Sony Alpha a7 III Camera,3
